{
  "tasks": [
    { "id": 1, "title": "play gloomhaven", "isFav": true },
    { "id": 2, "title": "become an elder lord", "isFav": true },
    { "id": 3, "title": "eat some pineapples", "isFav": true },
    { "id": 4, "title": "write a novel", "isFav": false },
    { "id": 5, "title": "learn a new language", "isFav": true },
    { "id": 6, "title": "go hiking", "isFav": false },
    { "id": 7, "title": "paint a masterpiece", "isFav": false },
    { "id": 8, "title": "bake a cake", "isFav": true },
    { "id": 9, "title": "watch a movie", "isFav": true },
    { "id": 10, "title": "do yoga", "isFav": false },
    { "id": 11, "title": "go fishing", "isFav": true },
    { "id": 12, "title": "plant a garden", "isFav": false },
    { "id": 13, "title": "start a podcast", "isFav": true },
    { "id": 14, "title": "cook a fancy dinner", "isFav": true },
    { "id": 15, "title": "learn to juggle", "isFav": false },
    { "id": 16, "title": "go skydiving", "isFav": false },
    { "id": 17, "title": "visit a museum", "isFav": true },
    { "id": 18, "title": "try rock climbing", "isFav": false },
    { "id": 19, "title": "write a song", "isFav": false },
    { "id": 20, "title": "meditate", "isFav": true },
    { "id": 21, "title": "build a model kit", "isFav": false },
    { "id": 22, "title": "explore a new city", "isFav": true },
    { "id": 23, "title": "take a cooking class", "isFav": false },
    { "id": 24, "title": "go to a concert", "isFav": true },
    { "id": 25, "title": "learn photography", "isFav": false },
    { "id": 26, "title": "adopt a pet", "isFav": true },
    { "id": 27, "title": "write a journal", "isFav": false },
    { "id": 28, "title": "volunteer for a cause", "isFav": true },
    { "id": 29, "title": "try a new sport", "isFav": true },
    { "id": 30, "title": "go on a road trip", "isFav": false }
  ]
}
